{
  "1": {
    "avg_latency": 0.06637303034464519,
    "avg_count": 735.0
  },
  "2": {
    "avg_latency": 0.023192644119262695,
    "avg_count": 4438.0
  },
  "3": {
    "avg_latency": 0.019528627395629883,
    "avg_count": 5518.0
  },
  "4": {
    "avg_latency": 0.017168760299682617,
    "avg_count": 5562.0
  },
  "5": {
    "avg_latency": 0.017734050750732422,
    "avg_count": 5565.0
  },
  "6": {
    "avg_latency": 0.016592661539713543,
    "avg_count": 5565.0
  }
}