{
  "test_type": "STRING_protein_interaction_scale_test",
  "config": {
    "string_version": "v12.0",
    "organism": "9606",
    "max_proteins": 10000,
    "max_interactions": 500000,
    "min_score": 400,
    "vector_dimension": 768,
    "num_vector_queries": 1000,
    "num_text_queries": 1000,
    "num_hybrid_queries": 500,
    "num_graph_queries": 500,
    "protein_batch_size": 5000,
    "interaction_batch_size": 25000,
    "embedding_batch_size": 2000,
    "max_workers": 12,
    "data_dir": "/Users/tdyar/ws/graph-ai/data/string"
  },
  "data_stats": {
    "proteins_processed": 10000,
    "interactions_processed": 37258,
    "avg_interactions_per_protein": 3.7258,
    "confidence_threshold": 400
  },
  "timings": {
    "total_time": 48.53156614303589,
    "download_time": 14.920192003250122,
    "parse_time": 0.40833401679992676,
    "ingestion_time": 32.57225513458252,
    "index_build_time": 0.05794811248779297
  },
  "ingestion_rates": {
    "proteins_per_sec": 307.00975289189694,
    "interactions_per_sec": 1143.8569373246296,
    "embeddings_per_sec": 307.00975289189694
  },
  "graph_query_performance": {
    "avg_time": 0.00039479589462280274,
    "p95_time": 0.000305032730102539,
    "p99_time": 0.0007913327217102049,
    "avg_results": 1.882,
    "total_queries": 500
  },
  "vector_search_performance": {
    "error": "No successful vector queries"
  },
  "text_search_performance": {
    "avg_time": 0.001196459929148356,
    "p95_time": 0.0014212131500244138,
    "p99_time": 0.01483034849166859,
    "avg_results": 10.0,
    "total_queries": 60
  }
}